{
  "core": {
    "files": {
      "dist/seatingchart-core-<%= pkg.version %>.js": ["build/core.js"]
    }
  },
  "physical": {
    "files": {
      "dist/physical/seatingchart-physical-<%= pkg.version %>.js": ["build/physical.js"]
    }
  },
  "logical": {
    "files": {
      "dist/logical/seatingchart-logical-<%= pkg.version %>.js": ["build/logical.js"]
    }
  },
  "userTicketing": {
    "files": {
      "dist/userTicketing/userTicketing-0.0.0.js": ["src/js/service/userTicketing/userTicketing-main.js"],
      "dist/userTicketing/userDetail-0.0.0.js": ["src/js/service/userTicketing/userDetail-main.js"]
    }
  },
  "ticketing": {
    "files": {
      "dist/ticketing/admin/purchase-0.0.0.js": ["./src/js/service/ticketing/admin/purchase/main.js"],
      "dist/ticketing/admin/call-center-0.0.0.js": ["./src/js/service/ticketing/admin/callcenter/main.js"],
      "dist/ticketing/admin/pre-purchase-0.0.0.js": ["./src/js/service/ticketing/admin/prePurchase/main.js"],
      "dist/ticketing/user/select-seat-0.0.0.js": ["./src/js/service/ticketing/user/selectSeat/main.js"]
    }
  },
  "options": {
    "browserifyOptions": {
      "debug": false
    },
    "transform": ["stringify"]
  }
}